"","states","inc_mean","n"
"1","New York",50952.1578947368,19
"2","California",58849.2105263158,19
"3","North Carolina",42737.9705882353,34
